,Playlist Name,Playlist ID,Song,ID,Rank,Country
0,Global Top 50,37i9dQZEVXbMDoHDwVN2tF,Dance Monkey,1rgnBhdG2JDFTbYkYRZAku,6,Global
1,Global Top 50,37i9dQZEVXbMDoHDwVN2tF,ROXANNE,696DnlkuDOXcMAnKlTgXXK,6,Global
2,Global Top 50,37i9dQZEVXbMDoHDwVN2tF,All I Want for Christmas Is You,0bYg9bo50gSsH3LtXe2SQn,6,Global
3,Global Top 50,37i9dQZEVXbMDoHDwVN2tF,Señorita,6v3KW9xbzN5yKLt9YKDYA2,6,Global
4,Global Top 50,37i9dQZEVXbMDoHDwVN2tF,Circles,21jGcNKet2qwijlDFuPiPb,6,Global
5,Brazil Top 50,37i9dQZEVXbMXbN3EUUhlg,Combatchy (feat. MC Rebecca),2bPtwnrpFNEe8N7Q85kLHw,6,Brazil
6,Brazil Top 50,37i9dQZEVXbMXbN3EUUhlg,Surtada - Remix Brega Funk,5F8ffc8KWKNawllr5WsW0r,6,Brazil
7,Brazil Top 50,37i9dQZEVXbMXbN3EUUhlg,Supera - Ao Vivo,3GmJxfnUDrIs1iCfKUELFz,6,Brazil
8,Brazil Top 50,37i9dQZEVXbMXbN3EUUhlg,Cheirosa - Ao Vivo,2PWjKmjyTZeDpmOUa3a5da,6,Brazil
9,Brazil Top 50,37i9dQZEVXbMXbN3EUUhlg,Gaiola É o Troco,3Uq45ipGutypFPmETfaoaH,6,Brazil
10,Spain Top 50,37i9dQZEVXbNFJfN1Vw8d9,Tusa,7k4t7uLgtOxPwTpFmtJNTY,6,Spain
11,Spain Top 50,37i9dQZEVXbNFJfN1Vw8d9,Alocao (With Bad Gyal),6RyuoOJXNzlVWpfC5xQyeI,6,Spain
12,Spain Top 50,37i9dQZEVXbNFJfN1Vw8d9,Indeciso,59s0s39NFWScuHDbHytI14,6,Spain
13,Spain Top 50,37i9dQZEVXbNFJfN1Vw8d9,Vete,5DxXgozhkPLgrbKFY91w0c,6,Spain
14,Spain Top 50,37i9dQZEVXbNFJfN1Vw8d9,China,2ksOAxtIxY8yElEWw8RhgK,6,Spain
15,Germany Top 50,37i9dQZEVXbJiZcmkrIHGU,KEIN SCHLAF,6416zJN0FGPmh1Ph4BH2h3,6,Germany
16,Germany Top 50,37i9dQZEVXbJiZcmkrIHGU,COLT,76IVpz47q3ghkxoUeTTEKb,6,Germany
17,Germany Top 50,37i9dQZEVXbJiZcmkrIHGU,Roller,6hw1Sy9wZ8UCxYGdpKrU6M,6,Germany
18,Germany Top 50,37i9dQZEVXbJiZcmkrIHGU,Dance Monkey,1rgnBhdG2JDFTbYkYRZAku,6,Germany
19,Germany Top 50,37i9dQZEVXbJiZcmkrIHGU,Der Bratan bleibt der gleiche,2M39v73rNJmAXUXIW0oagP,6,Germany
20,Mexico Top 50,37i9dQZEVXbO3qyFxbkOE1,Tusa,7k4t7uLgtOxPwTpFmtJNTY,6,Mexico
21,Mexico Top 50,37i9dQZEVXbO3qyFxbkOE1,LA CANCIÓN,0fea68AdmYNygeTGI4RC18,6,Mexico
22,Mexico Top 50,37i9dQZEVXbO3qyFxbkOE1,RITMO (Bad Boys For Life),6cy3ki60hLwimwIje7tALf,6,Mexico
23,Mexico Top 50,37i9dQZEVXbO3qyFxbkOE1,Vete,5DxXgozhkPLgrbKFY91w0c,6,Mexico
24,Mexico Top 50,37i9dQZEVXbO3qyFxbkOE1,Dance Monkey,1rgnBhdG2JDFTbYkYRZAku,6,Mexico
25,Netherlands Top 50,37i9dQZEVXbKCF6dqVpDkS,Dance Monkey,1rgnBhdG2JDFTbYkYRZAku,6,Netherlands
26,Netherlands Top 50,37i9dQZEVXbKCF6dqVpDkS,Pa Olvidarte,1RO8Q3w2Jkir8cvvGEApI0,6,Netherlands
27,Netherlands Top 50,37i9dQZEVXbKCF6dqVpDkS,All I Want for Christmas Is You,0bYg9bo50gSsH3LtXe2SQn,6,Netherlands
28,Netherlands Top 50,37i9dQZEVXbKCF6dqVpDkS,ROXANNE,696DnlkuDOXcMAnKlTgXXK,6,Netherlands
29,Netherlands Top 50,37i9dQZEVXbKCF6dqVpDkS,Memories,2b8fOow8UzyDFAE27YhOZM,6,Netherlands
30,Australia Top 50,37i9dQZEVXbJPcfkRz0wJ0,Dance Monkey,1rgnBhdG2JDFTbYkYRZAku,6,Australia
31,Australia Top 50,37i9dQZEVXbJPcfkRz0wJ0,ROXANNE,696DnlkuDOXcMAnKlTgXXK,6,Australia
32,Australia Top 50,37i9dQZEVXbJPcfkRz0wJ0,Circles,21jGcNKet2qwijlDFuPiPb,6,Australia
33,Australia Top 50,37i9dQZEVXbJPcfkRz0wJ0,Don't Start Now,6WrI0LAC5M1Rw2MnX2ZvEg,6,Australia
34,Australia Top 50,37i9dQZEVXbJPcfkRz0wJ0,Memories,2b8fOow8UzyDFAE27YhOZM,6,Australia
35,Argentina Top 50,37i9dQZEVXbMMy2roB9myp,RITMO (Bad Boys For Life),6cy3ki60hLwimwIje7tALf,6,Argentina
36,Argentina Top 50,37i9dQZEVXbMMy2roB9myp,Fantasias,6mAN61JH0dzyZpWslS11jy,6,Argentina
37,Argentina Top 50,37i9dQZEVXbMMy2roB9myp,Que Tire Pa Lante,6RyaV7owmVU6fzEPE17sF1,6,Argentina
38,Argentina Top 50,37i9dQZEVXbMMy2roB9myp,China,2ksOAxtIxY8yElEWw8RhgK,6,Argentina
39,Argentina Top 50,37i9dQZEVXbMMy2roB9myp,Fresa,4BCPItsB94KDLuERZT3aNM,6,Argentina
40,Italy Top 50,37i9dQZEVXbIQnj7RRhdSX,blun7 a swishland,7HwvPmK74MBRDhCIyMXReP,6,Italy
41,Italy Top 50,37i9dQZEVXbIQnj7RRhdSX,"CHARLES MANSON (BUON NATALE2) (feat. Lazza) - feat. Dani Faiv, Nitro",4z6l90HzhLLCd0hWddzbrh,6,Italy
42,Italy Top 50,37i9dQZEVXbIQnj7RRhdSX,fuck 3x,5YxP1CkunbhUQVvctFOHa7,6,Italy
43,Italy Top 50,37i9dQZEVXbIQnj7RRhdSX,Dance Monkey,1rgnBhdG2JDFTbYkYRZAku,6,Italy
44,Italy Top 50,37i9dQZEVXbIQnj7RRhdSX,Soldi in Nero - feat. Sfera Ebbasta,1Xm2e1vDwOMeJJioWuG1s7,6,Italy
45,Sweden Top 50,37i9dQZEVXbLoATJ81JYXz,All I Want for Christmas Is You,0bYg9bo50gSsH3LtXe2SQn,6,Sweden
46,Sweden Top 50,37i9dQZEVXbLoATJ81JYXz,Last Christmas,2FRnf9qhLbvw8fu4IBXx78,6,Sweden
47,Sweden Top 50,37i9dQZEVXbLoATJ81JYXz,Dance Monkey,1rgnBhdG2JDFTbYkYRZAku,6,Sweden
48,Sweden Top 50,37i9dQZEVXbLoATJ81JYXz,Lev nu dö sen,6HJasLoTKvxglAMQH8nPcD,6,Sweden
49,Sweden Top 50,37i9dQZEVXbLoATJ81JYXz,TESLA,4LZi20EAgNBhTR3OBWLzdr,6,Sweden
50,Japan Top 50,37i9dQZEVXbKXQ4mDTEBXq,Pretender,58dxGXavrcagRqA58fNB0Z,6,Japan
51,Japan Top 50,37i9dQZEVXbKXQ4mDTEBXq,Hakujitsu,0mNO3xUzjsI17GXO1DRFCH,6,Japan
52,Japan Top 50,37i9dQZEVXbKXQ4mDTEBXq,宿命,2yozZfRYHP7Elsymghu5t3,6,Japan
53,Japan Top 50,37i9dQZEVXbKXQ4mDTEBXq,イエスタデイ,3S3DDZrPOYTirleXRyHnNM,6,Japan
54,Japan Top 50,37i9dQZEVXbKXQ4mDTEBXq,ノーダウト,5DMEvbg3gUmiR5HIBWdveV,6,Japan
55,Chile Top 50,37i9dQZEVXbL0GavIqMTeb,Tusa,7k4t7uLgtOxPwTpFmtJNTY,6,Chile
56,Chile Top 50,37i9dQZEVXbL0GavIqMTeb,Hola - Remix,5stPVcRqb4qixbafP9e8lt,6,Chile
57,Chile Top 50,37i9dQZEVXbL0GavIqMTeb,Vete,5DxXgozhkPLgrbKFY91w0c,6,Chile
58,Chile Top 50,37i9dQZEVXbL0GavIqMTeb,Fantasias,6mAN61JH0dzyZpWslS11jy,6,Chile
59,Chile Top 50,37i9dQZEVXbL0GavIqMTeb,Whine Up,2pWOMNQJW3g2zmGjP0Vkb0,6,Chile
60,Indonesia Top 50,37i9dQZEVXbObFQZ3JLcXt,Memories,2b8fOow8UzyDFAE27YhOZM,6,Indonesia
61,Indonesia Top 50,37i9dQZEVXbObFQZ3JLcXt,Location Unknown ◐ - Brooklyn Session,4aT6vP9y2eDjxmRGm5ZqSC,6,Indonesia
62,Indonesia Top 50,37i9dQZEVXbObFQZ3JLcXt,Dance Monkey,1rgnBhdG2JDFTbYkYRZAku,6,Indonesia
63,Indonesia Top 50,37i9dQZEVXbObFQZ3JLcXt,Halu,3c4cBEObUsLU8O5I2yQP3l,6,Indonesia
64,Indonesia Top 50,37i9dQZEVXbObFQZ3JLcXt,Tolong,5X5Vj8FcxyoLzq9qxAa45U,6,Indonesia
65,France Top 50,37i9dQZEVXbIPWwFssbupI,Ne reviens pas,4TnFANpjVwVKWzkxNzIyFH,6,France
66,France Top 50,37i9dQZEVXbIPWwFssbupI,Dance Monkey,1rgnBhdG2JDFTbYkYRZAku,6,France
67,France Top 50,37i9dQZEVXbIPWwFssbupI,Popopop,18HNGxDOcshRU2Hdu8tMOM,6,France
68,France Top 50,37i9dQZEVXbIPWwFssbupI,Mayday (feat. Ninho),1SVuEeerYIwjCRsF5MGzX3,6,France
69,France Top 50,37i9dQZEVXbIPWwFssbupI,Hé oh,1bWafkUCOp6luXRs1cm3w9,6,France
70,Norway Top 50,37i9dQZEVXbJvfa0Yxg7E7,All I Want for Christmas Is You,0bYg9bo50gSsH3LtXe2SQn,6,Norway
71,Norway Top 50,37i9dQZEVXbJvfa0Yxg7E7,Dance Monkey,1rgnBhdG2JDFTbYkYRZAku,6,Norway
72,Norway Top 50,37i9dQZEVXbJvfa0Yxg7E7,Last Christmas,2FRnf9qhLbvw8fu4IBXx78,6,Norway
73,Norway Top 50,37i9dQZEVXbJvfa0Yxg7E7,Home for Christmas,3E0fq2gqsNbQo5paAuEcmc,6,Norway
74,Norway Top 50,37i9dQZEVXbJvfa0Yxg7E7,Himmel På Jord,0WFyQgDzbQCfJuxcHW4Zrt,6,Norway
75,Philippines Top 50,37i9dQZEVXbNBz9cRCSFkY,Memories,2b8fOow8UzyDFAE27YhOZM,6,Philippines
76,Philippines Top 50,37i9dQZEVXbNBz9cRCSFkY,Neneng B,0BaMZMMEG7GWrUYsoGw8Yg,6,Philippines
77,Philippines Top 50,37i9dQZEVXbNBz9cRCSFkY,Pagtingin,5l9g7py8RCblcvbZgGQgSd,6,Philippines
78,Philippines Top 50,37i9dQZEVXbNBz9cRCSFkY,Binalewala - Original Version,2tR5liucorXRwduxr0qEx6,6,Philippines
79,Philippines Top 50,37i9dQZEVXbNBz9cRCSFkY,"10,000 Hours (with Justin Bieber)",2wrJq5XKLnmhRXHIAf9xBa,6,Philippines
80,Colombia Top 50,37i9dQZEVXbOa2lmxNORXQ,Tusa,7k4t7uLgtOxPwTpFmtJNTY,6,Colombia
81,Colombia Top 50,37i9dQZEVXbOa2lmxNORXQ,Fantasias,6mAN61JH0dzyZpWslS11jy,6,Colombia
82,Colombia Top 50,37i9dQZEVXbOa2lmxNORXQ,RITMO (Bad Boys For Life),6cy3ki60hLwimwIje7tALf,6,Colombia
83,Colombia Top 50,37i9dQZEVXbOa2lmxNORXQ,LA CANCIÓN,0fea68AdmYNygeTGI4RC18,6,Colombia
84,Colombia Top 50,37i9dQZEVXbOa2lmxNORXQ,China,2ksOAxtIxY8yElEWw8RhgK,6,Colombia
85,India Top 50,37i9dQZEVXbLZ52XmnySJg,"Ghungroo (From ""War"")",0WdbnNKO0Jt4BZACSDQh44,6,India
86,India Top 50,37i9dQZEVXbLZ52XmnySJg,Filhall,6E7P1uT2afeor2t6wR2y2r,6,India
87,India Top 50,37i9dQZEVXbLZ52XmnySJg,Memories,2b8fOow8UzyDFAE27YhOZM,6,India
88,India Top 50,37i9dQZEVXbLZ52XmnySJg,"Tum Hi Aana (From ""Marjaavaan"")",6E9UwSfT80age2xknoMS7Y,6,India
89,India Top 50,37i9dQZEVXbLZ52XmnySJg,Makhna,0ZHILXmUaVSLEOCWxPQ1ga,6,India
90,Turkey Top 50,37i9dQZEVXbIVYVBNw9D5K,Benjamins 3,3F1vlhA0ISnqXJMOXUZP7V,6,Turkey
91,Turkey Top 50,37i9dQZEVXbIVYVBNw9D5K,Wir sind Kral,2KlbLTnQ5Wch2oOelW0Y2k,6,Turkey
92,Turkey Top 50,37i9dQZEVXbIVYVBNw9D5K,AYA,4IJEw3fDvS6XF4sDc3bvjK,6,Turkey
93,Turkey Top 50,37i9dQZEVXbIVYVBNw9D5K,Arkadaş,6bBnnrknLbDoOCUdKMkmnq,6,Turkey
94,Turkey Top 50,37i9dQZEVXbIVYVBNw9D5K,Toz Taneleri,36ulbeGLdspdIYSFKXIlmN,6,Turkey
95,US Top 50,37i9dQZEVXbLRQDuF5jeBp,ROXANNE,696DnlkuDOXcMAnKlTgXXK,6,US
96,US Top 50,37i9dQZEVXbLRQDuF5jeBp,Circles,21jGcNKet2qwijlDFuPiPb,6,US
97,US Top 50,37i9dQZEVXbLRQDuF5jeBp,Heartless,57vxBYXtHMk6H1aD29V7PU,6,US
98,US Top 50,37i9dQZEVXbLRQDuF5jeBp,All I Want for Christmas Is You,0bYg9bo50gSsH3LtXe2SQn,6,US
99,US Top 50,37i9dQZEVXbLRQDuF5jeBp,Adore You,1M4qEo4HE3PRaCOM7EXNJq,6,US
100,Peru Top 50,37i9dQZEVXbJfdy5b0KP7W,Tusa,7k4t7uLgtOxPwTpFmtJNTY,6,Peru
101,Peru Top 50,37i9dQZEVXbJfdy5b0KP7W,Fantasias,6mAN61JH0dzyZpWslS11jy,6,Peru
102,Peru Top 50,37i9dQZEVXbJfdy5b0KP7W,RITMO (Bad Boys For Life),6cy3ki60hLwimwIje7tALf,6,Peru
103,Peru Top 50,37i9dQZEVXbJfdy5b0KP7W,China,2ksOAxtIxY8yElEWw8RhgK,6,Peru
104,Peru Top 50,37i9dQZEVXbJfdy5b0KP7W,LA CANCIÓN,0fea68AdmYNygeTGI4RC18,6,Peru
105,UK Top 50,37i9dQZEVXbLnolsZ8PSNw,All I Want for Christmas Is You,0bYg9bo50gSsH3LtXe2SQn,6,UK
106,UK Top 50,37i9dQZEVXbLnolsZ8PSNw,Last Christmas,2FRnf9qhLbvw8fu4IBXx78,6,UK
107,UK Top 50,37i9dQZEVXbLnolsZ8PSNw,Dance Monkey,1rgnBhdG2JDFTbYkYRZAku,6,UK
108,UK Top 50,37i9dQZEVXbLnolsZ8PSNw,Rockin' Around The Christmas Tree,2EjXfH91m7f8HiJN1yQg97,6,UK
109,UK Top 50,37i9dQZEVXbLnolsZ8PSNw,It's Beginning to Look a Lot like Christmas,0lLdorYw7lVrJydTINhWdI,6,UK
110,Finland Top 50,37i9dQZEVXbMxcczTSoGwZ,Hei rakas,0tc8HGXosQDC8TTAaON1TP,6,Finland
111,Finland Top 50,37i9dQZEVXbMxcczTSoGwZ,Dance Monkey,1rgnBhdG2JDFTbYkYRZAku,6,Finland
112,Finland Top 50,37i9dQZEVXbMxcczTSoGwZ,Ikuinen vappu,4ycKgmGOtvuJZVPyvBpVVU,6,Finland
113,Finland Top 50,37i9dQZEVXbMxcczTSoGwZ,Hiljaisii heeroksii,2RKLKjagHoASJaW1VTPBgr,6,Finland
114,Finland Top 50,37i9dQZEVXbMxcczTSoGwZ,v!@%#mikko,3XlrrR3tR56dRC2sgNNhOD,6,Finland
115,Ireland Top 50,37i9dQZEVXbKM896FDX8L1,Dance Monkey,1rgnBhdG2JDFTbYkYRZAku,6,Ireland
116,Ireland Top 50,37i9dQZEVXbKM896FDX8L1,All I Want for Christmas Is You,0bYg9bo50gSsH3LtXe2SQn,6,Ireland
117,Ireland Top 50,37i9dQZEVXbKM896FDX8L1,Before You Go,2gMXnyrvIjhVBUZwvLZDMP,6,Ireland
118,Ireland Top 50,37i9dQZEVXbKM896FDX8L1,Last Christmas,2FRnf9qhLbvw8fu4IBXx78,6,Ireland
119,Ireland Top 50,37i9dQZEVXbKM896FDX8L1,Don't Start Now,6WrI0LAC5M1Rw2MnX2ZvEg,6,Ireland
120,Denmark Top 50,37i9dQZEVXbL3J0k32lWnN,All I Want for Christmas Is You,0bYg9bo50gSsH3LtXe2SQn,6,Denmark
121,Denmark Top 50,37i9dQZEVXbL3J0k32lWnN,Last Christmas,2FRnf9qhLbvw8fu4IBXx78,6,Denmark
122,Denmark Top 50,37i9dQZEVXbL3J0k32lWnN,Tinka,2f82yXiMKGkX2CtbkhgtvT,6,Denmark
123,Denmark Top 50,37i9dQZEVXbL3J0k32lWnN,Kærlighed (feat. Gilli & Kesi),2xeiAqqHWYXQMWk6s2aQdw,6,Denmark
124,Denmark Top 50,37i9dQZEVXbL3J0k32lWnN,Santa Tell Me,0lizgQ7Qw35od7CYaoMBZb,6,Denmark
125,Paraguay Top 50,37i9dQZEVXbNOUPGj7tW6T,Fantasias,6mAN61JH0dzyZpWslS11jy,6,Paraguay
126,Paraguay Top 50,37i9dQZEVXbNOUPGj7tW6T,Hola - Remix,5stPVcRqb4qixbafP9e8lt,6,Paraguay
127,Paraguay Top 50,37i9dQZEVXbNOUPGj7tW6T,Tusa,7k4t7uLgtOxPwTpFmtJNTY,6,Paraguay
128,Paraguay Top 50,37i9dQZEVXbNOUPGj7tW6T,Bellaquita - Remix,1Xnn1TPyr5h0hpRAT4B4EA,6,Paraguay
129,Paraguay Top 50,37i9dQZEVXbNOUPGj7tW6T,Quizas,5Id5B3dxJZhPcV9GzgYZZe,6,Paraguay
130,Canada Top 50,37i9dQZEVXbKj23U1GF4IR,Dance Monkey,1rgnBhdG2JDFTbYkYRZAku,6,Canada
131,Canada Top 50,37i9dQZEVXbKj23U1GF4IR,ROXANNE,696DnlkuDOXcMAnKlTgXXK,6,Canada
132,Canada Top 50,37i9dQZEVXbKj23U1GF4IR,All I Want for Christmas Is You,0bYg9bo50gSsH3LtXe2SQn,6,Canada
133,Canada Top 50,37i9dQZEVXbKj23U1GF4IR,Heartless,57vxBYXtHMk6H1aD29V7PU,6,Canada
134,Canada Top 50,37i9dQZEVXbKj23U1GF4IR,Circles,21jGcNKet2qwijlDFuPiPb,6,Canada
135,Taiwan Top 50,37i9dQZEVXbMnZEatlMSiu,Without You,0KWnRv3wxjltYVB3MqjNd2,6,Taiwan
136,Taiwan Top 50,37i9dQZEVXbMnZEatlMSiu,Señorita,6v3KW9xbzN5yKLt9YKDYA2,6,Taiwan
137,Taiwan Top 50,37i9dQZEVXbMnZEatlMSiu,說好不哭,56wVfJKtnwlSZtC4NVgIrf,6,Taiwan
138,Taiwan Top 50,37i9dQZEVXbMnZEatlMSiu,有一種悲傷 - 電影《比悲傷更悲傷的故事》主題曲,6iNH42q8haGYDYGhKK6XiJ,6,Taiwan
139,Taiwan Top 50,37i9dQZEVXbMnZEatlMSiu,Memories,2b8fOow8UzyDFAE27YhOZM,6,Taiwan
140,Belgium Top 50,37i9dQZEVXbJNSeeHswcKB,Dance Monkey,1rgnBhdG2JDFTbYkYRZAku,6,Belgium
141,Belgium Top 50,37i9dQZEVXbJNSeeHswcKB,ROXANNE,696DnlkuDOXcMAnKlTgXXK,6,Belgium
142,Belgium Top 50,37i9dQZEVXbJNSeeHswcKB,All I Want for Christmas Is You,0bYg9bo50gSsH3LtXe2SQn,6,Belgium
143,Belgium Top 50,37i9dQZEVXbJNSeeHswcKB,Ride It,2tnVG71enUj33Ic2nFN6kZ,6,Belgium
144,Belgium Top 50,37i9dQZEVXbJNSeeHswcKB,everything i wanted,3ZCTVFBt2Brf31RLEnCkWJ,6,Belgium
145,Poland Top 50,37i9dQZEVXbN6itCcaL3Tt,All I Want for Christmas Is You,0bYg9bo50gSsH3LtXe2SQn,6,Poland
146,Poland Top 50,37i9dQZEVXbN6itCcaL3Tt,Last Christmas,2FRnf9qhLbvw8fu4IBXx78,6,Poland
147,Poland Top 50,37i9dQZEVXbN6itCcaL3Tt,Jesteś ładniejsza niż na zdjęciach (na zawsze),55sNf76dIok3ddZtFiNaaf,6,Poland
148,Poland Top 50,37i9dQZEVXbN6itCcaL3Tt,1998 (mam to we krwi),2dvxMlIfGY90Wvw8OSgZoF,6,Poland
149,Poland Top 50,37i9dQZEVXbN6itCcaL3Tt,Brzydkie Rzeczy,6STE4z6PBDVmCsIHejY66L,6,Poland
150,Thailand Top 50,37i9dQZEVXbMnz8KIWsvf9,ภาวนา,7IcfEY0IyV4fdALbwJCw3v,6,Thailand
151,Thailand Top 50,37i9dQZEVXbMnz8KIWsvf9,ฝนตกไหม,1ccwCCS7YSclzYibpK0DS4,6,Thailand
152,Thailand Top 50,37i9dQZEVXbMnz8KIWsvf9,Señorita,6v3KW9xbzN5yKLt9YKDYA2,6,Thailand
153,Thailand Top 50,37i9dQZEVXbMnz8KIWsvf9,ถ้าฉันเป็นเขา,7adzBs69Rjtj6194UZRWfm,6,Thailand
154,Thailand Top 50,37i9dQZEVXbMnz8KIWsvf9,แอบดี,1wl5vs3SCMPpHTIR8IW8nJ,6,Thailand
155,Singapore Top 50,37i9dQZEVXbK4gjvS1FjPY,Memories,2b8fOow8UzyDFAE27YhOZM,6,Singapore
156,Singapore Top 50,37i9dQZEVXbK4gjvS1FjPY,Dance Monkey,1rgnBhdG2JDFTbYkYRZAku,6,Singapore
157,Singapore Top 50,37i9dQZEVXbK4gjvS1FjPY,Señorita,6v3KW9xbzN5yKLt9YKDYA2,6,Singapore
158,Singapore Top 50,37i9dQZEVXbK4gjvS1FjPY,ROXANNE,696DnlkuDOXcMAnKlTgXXK,6,Singapore
159,Singapore Top 50,37i9dQZEVXbK4gjvS1FjPY,Someone You Loved,7qEHsqek33rTcFNT9PFqLf,6,Singapore
160,Malaysia Top 50,37i9dQZEVXbJlfUljuZExa,Memories,2b8fOow8UzyDFAE27YhOZM,6,Malaysia
161,Malaysia Top 50,37i9dQZEVXbJlfUljuZExa,Dance Monkey,1rgnBhdG2JDFTbYkYRZAku,6,Malaysia
162,Malaysia Top 50,37i9dQZEVXbJlfUljuZExa,ROXANNE,696DnlkuDOXcMAnKlTgXXK,6,Malaysia
163,Malaysia Top 50,37i9dQZEVXbJlfUljuZExa,Someone You Loved,7qEHsqek33rTcFNT9PFqLf,6,Malaysia
164,Malaysia Top 50,37i9dQZEVXbJlfUljuZExa,Circles,21jGcNKet2qwijlDFuPiPb,6,Malaysia
165,Ecuador Top 50,37i9dQZEVXbJlM6nvL1nD1,Tusa,7k4t7uLgtOxPwTpFmtJNTY,6,Ecuador
166,Ecuador Top 50,37i9dQZEVXbJlM6nvL1nD1,Fantasias,6mAN61JH0dzyZpWslS11jy,6,Ecuador
167,Ecuador Top 50,37i9dQZEVXbJlM6nvL1nD1,RITMO (Bad Boys For Life),6cy3ki60hLwimwIje7tALf,6,Ecuador
168,Ecuador Top 50,37i9dQZEVXbJlM6nvL1nD1,LA CANCIÓN,0fea68AdmYNygeTGI4RC18,6,Ecuador
169,Ecuador Top 50,37i9dQZEVXbJlM6nvL1nD1,China,2ksOAxtIxY8yElEWw8RhgK,6,Ecuador
170,Portugal Top 50,37i9dQZEVXbKyJS56d1pgi,Louco,5RPewmKIUL2vWtQLI0Qp1F,6,Portugal
171,Portugal Top 50,37i9dQZEVXbKyJS56d1pgi,Dance Monkey,1rgnBhdG2JDFTbYkYRZAku,6,Portugal
172,Portugal Top 50,37i9dQZEVXbKyJS56d1pgi,Hoji N'ka ta Rola,3EtXiDhRO8psTWs2uY8nyA,6,Portugal
173,Portugal Top 50,37i9dQZEVXbKyJS56d1pgi,Essa Saia (feat. Ivandro),2OI0z4fQD8NQPfYf5v6a2E,6,Portugal
174,Portugal Top 50,37i9dQZEVXbKyJS56d1pgi,Vivi Good,6MLQRF8D7LsOvZwkt1UcZP,6,Portugal
175,Panama Top 50,37i9dQZEVXbKypXHVwk1f0,Tusa,7k4t7uLgtOxPwTpFmtJNTY,6,Panama
176,Panama Top 50,37i9dQZEVXbKypXHVwk1f0,Vete,5DxXgozhkPLgrbKFY91w0c,6,Panama
177,Panama Top 50,37i9dQZEVXbKypXHVwk1f0,Si Te Vas,6Y4PDQv4XjYjHLeLmvyOt0,6,Panama
178,Panama Top 50,37i9dQZEVXbKypXHVwk1f0,China,2ksOAxtIxY8yElEWw8RhgK,6,Panama
179,Panama Top 50,37i9dQZEVXbKypXHVwk1f0,LA CANCIÓN,0fea68AdmYNygeTGI4RC18,6,Panama
180,Uruguay Top 50,37i9dQZEVXbMJJi3wgRbAy,Tusa,7k4t7uLgtOxPwTpFmtJNTY,6,Uruguay
181,Uruguay Top 50,37i9dQZEVXbMJJi3wgRbAy,RITMO (Bad Boys For Life),6cy3ki60hLwimwIje7tALf,6,Uruguay
182,Uruguay Top 50,37i9dQZEVXbMJJi3wgRbAy,Fantasias,6mAN61JH0dzyZpWslS11jy,6,Uruguay
183,Uruguay Top 50,37i9dQZEVXbMJJi3wgRbAy,China,2ksOAxtIxY8yElEWw8RhgK,6,Uruguay
184,Uruguay Top 50,37i9dQZEVXbMJJi3wgRbAy,Que Tire Pa Lante,6RyaV7owmVU6fzEPE17sF1,6,Uruguay
185,Hungary Top 50,37i9dQZEVXbNHwMxAkvmF8,Dance Monkey,1rgnBhdG2JDFTbYkYRZAku,6,Hungary
186,Hungary Top 50,37i9dQZEVXbNHwMxAkvmF8,All I Want for Christmas Is You,0bYg9bo50gSsH3LtXe2SQn,6,Hungary
187,Hungary Top 50,37i9dQZEVXbNHwMxAkvmF8,Kicsi lány,0AcgqhxWT7uikecp7MNT82,6,Hungary
188,Hungary Top 50,37i9dQZEVXbNHwMxAkvmF8,bad guy,2Fxmhks0bxGSBdJ92vM42m,6,Hungary
189,Hungary Top 50,37i9dQZEVXbNHwMxAkvmF8,Last Christmas,2FRnf9qhLbvw8fu4IBXx78,6,Hungary
190,Guatemala Top 50,37i9dQZEVXbLy5tBFyQvd4,Tusa,7k4t7uLgtOxPwTpFmtJNTY,6,Guatemala
191,Guatemala Top 50,37i9dQZEVXbLy5tBFyQvd4,Vete,5DxXgozhkPLgrbKFY91w0c,6,Guatemala
192,Guatemala Top 50,37i9dQZEVXbLy5tBFyQvd4,LA CANCIÓN,0fea68AdmYNygeTGI4RC18,6,Guatemala
193,Guatemala Top 50,37i9dQZEVXbLy5tBFyQvd4,China,2ksOAxtIxY8yElEWw8RhgK,6,Guatemala
194,Guatemala Top 50,37i9dQZEVXbLy5tBFyQvd4,Fantasias,6mAN61JH0dzyZpWslS11jy,6,Guatemala
195,Bolivia Top 50,37i9dQZEVXbJqfMFK4d691,Tusa,7k4t7uLgtOxPwTpFmtJNTY,6,Bolivia
196,Bolivia Top 50,37i9dQZEVXbJqfMFK4d691,Fantasias,6mAN61JH0dzyZpWslS11jy,6,Bolivia
197,Bolivia Top 50,37i9dQZEVXbJqfMFK4d691,Pa' Olvidarme De Ella,1cVlW9WQiGlFdWUXFdFZGh,6,Bolivia
198,Bolivia Top 50,37i9dQZEVXbJqfMFK4d691,LA CANCIÓN,0fea68AdmYNygeTGI4RC18,6,Bolivia
199,Bolivia Top 50,37i9dQZEVXbJqfMFK4d691,RITMO (Bad Boys For Life),6cy3ki60hLwimwIje7tALf,6,Bolivia
200,Vietnam Top 50,37i9dQZEVXbLdGSmz6xilI,Señorita,6v3KW9xbzN5yKLt9YKDYA2,6,Vietnam
201,Vietnam Top 50,37i9dQZEVXbLdGSmz6xilI,Lối Nhỏ,22F7P7QnaVspdf5rKveBaS,6,Vietnam
202,Vietnam Top 50,37i9dQZEVXbLdGSmz6xilI,Memories,2b8fOow8UzyDFAE27YhOZM,6,Vietnam
203,Vietnam Top 50,37i9dQZEVXbLdGSmz6xilI,Dance Monkey,1rgnBhdG2JDFTbYkYRZAku,6,Vietnam
204,Vietnam Top 50,37i9dQZEVXbLdGSmz6xilI,Bài Này Chill Phết,2AiZm17zqkV7llT3SHz4Nu,6,Vietnam
205,Switzerland Top 50,37i9dQZEVXbJiyhoAPEfMK,Dance Monkey,1rgnBhdG2JDFTbYkYRZAku,6,Switzerland
206,Switzerland Top 50,37i9dQZEVXbJiyhoAPEfMK,KEIN SCHLAF,6416zJN0FGPmh1Ph4BH2h3,6,Switzerland
207,Switzerland Top 50,37i9dQZEVXbJiyhoAPEfMK,COLT,76IVpz47q3ghkxoUeTTEKb,6,Switzerland
208,Switzerland Top 50,37i9dQZEVXbJiyhoAPEfMK,Der Bratan bleibt der gleiche,2M39v73rNJmAXUXIW0oagP,6,Switzerland
209,Switzerland Top 50,37i9dQZEVXbJiyhoAPEfMK,All I Want for Christmas Is You,0bYg9bo50gSsH3LtXe2SQn,6,Switzerland
210,Hong Kong Top 50,37i9dQZEVXbLwpL8TjsxOG,Señorita,6v3KW9xbzN5yKLt9YKDYA2,6,Hong
211,Hong Kong Top 50,37i9dQZEVXbLwpL8TjsxOG,Memories,2b8fOow8UzyDFAE27YhOZM,6,Hong
212,Hong Kong Top 50,37i9dQZEVXbLwpL8TjsxOG,Circles,21jGcNKet2qwijlDFuPiPb,6,Hong
213,Hong Kong Top 50,37i9dQZEVXbLwpL8TjsxOG,everything i wanted,3ZCTVFBt2Brf31RLEnCkWJ,6,Hong
214,Hong Kong Top 50,37i9dQZEVXbLwpL8TjsxOG,Dance Monkey,1rgnBhdG2JDFTbYkYRZAku,6,Hong
215,HK Viral 50,37i9dQZEVXbKXd6qahcpCg,Falling,4TnjEaWOeW0eKTKIEvJyCa,6,HK
216,HK Viral 50,37i9dQZEVXbKXd6qahcpCg,Yellow Hearts,2W4yABdLc4Jnds67Poi5Nl,6,HK
217,HK Viral 50,37i9dQZEVXbKXd6qahcpCg,ROXANNE,696DnlkuDOXcMAnKlTgXXK,6,HK
218,HK Viral 50,37i9dQZEVXbKXd6qahcpCg,Into the Unknown - Panic! At The Disco Version,421eObjg0DTm2qajJl5OJm,6,HK
219,HK Viral 50,37i9dQZEVXbKXd6qahcpCg,Binalewala - Original Version,2tR5liucorXRwduxr0qEx6,6,HK
